--
-- PostgreSQL database dump
--

-- Dumped from database version 11.5
-- Dumped by pg_dump version 11.5

-- Started on 2019-09-01 19:25:53

SET statement_timeout = 0;
SET lock_timeout = 0;
SET idle_in_transaction_session_timeout = 0;
SET client_encoding = 'UTF8';
SET standard_conforming_strings = on;
SELECT pg_catalog.set_config('search_path', '', false);
SET check_function_bodies = false;
SET xmloption = content;
SET client_min_messages = warning;
SET row_security = off;

--
-- TOC entry 2844 (class 0 OID 16413)
-- Dependencies: 198
-- Data for Name: refresh_tokens; Type: TABLE DATA; Schema: public; Owner: postgres
--

COPY public.refresh_tokens (id, token, userid, created) FROM stdin;
3	GkNOxPqecmMMxDkUQFpmuk1lVD2Hw1em	10	19:17:28.694144+02
4	54mkF2RRMkw6TzTaU3R2tYFJIyLS3A8s	10	19:18:06.936021+02
5	2gxDGlqll3uYr2mpTPDg9cOLMlwZJ7IW	10	19:19:22.875285+02
6	OUz7ncfYmmLMQ3QckIPoH5S4U9szAL6E	10	19:30:39.840969+02
7	ee09lvoFItZZTWcrSCv3BszEDUNnbhe9	10	19:30:57.845325+02
8	eRGeyBKBDAORCKTDywxQwd02AT963teD	10	19:31:13.692735+02
9	cXFEqZ4WlN73MPYhleNQevl4bNj2irqP	10	19:31:43.315915+02
10	121mQZ5TbdRAIYUDPAdw1icjps1KgK3w	10	19:32:06.700827+02
11	5ofc96ue0WpcL0zjIAIEdTMgydJQYigk	10	19:39:39.887216+02
12	cDp7BeL1iEoNmqD51RuGrhHZVZHwlNRO	10	19:40:08.990464+02
13	ZKdrpnWu9FsAm8Ks8NXsyNtVpK5UlPTz	10	19:51:23.507887+02
14	QMFzbDQ8RBgpNe7fsVAZRM93qaEAphKh	10	19:55:56.970311+02
15	fUsBU7Pqv7S5Yc9qWKv6BAsJzRzZ2W1v	10	20:23:47.628537+02
16	sJk2pVo5QiMNQLclwSRwaewtdSOYTSBb	10	20:24:26.861126+02
17	GxXvuXRGFd9QApT3jSBcqbngDwgGNVkS	10	20:25:08.097367+02
18	VEhNh7qUm165QT4k8xuvQf6fZYdW48OS	10	20:25:46.018967+02
19	6xAUBx6zREzICDaPkWReK1yrtKa2UlpD	10	20:27:27.019199+02
20	yKCwnXWi1G0VSO5qwNLBTJMuLoafT2TI	10	21:18:43.435791+02
21	TwCxkrKQnF9BIcctYiBjidEOVWPrdnZG	10	21:21:02.047823+02
22	X92mKEn873m2ME2BlYg34PK5KOGMZH8j	10	21:26:19.113722+02
23	4WcbdoYXvRCJN2t9lGm9sWR03d44Illy	10	14:40:15.767327+02
24	98H72MDdg9chmuNXd8qgdseH750kcQNM	10	14:41:17.709614+02
25	ZscQvYprf4Q24RBBPZznh82UACk4YyCi	10	14:42:42.101265+02
26	aiqEIFnxHmwJhzyApFP74hrzy0Lld5Vm	10	14:43:39.01063+02
27	7iHypedlXfl3IpsHQibnXTYWgb4BS7Ue	10	14:44:41.19864+02
28	FGI1YhhiUjBtqVGvJI87jmqwoArKN90I	10	14:23:27.945707+02
29	dEwg8MgEovIfMYaxctiP1GK3dUF343zB	10	14:24:53.963655+02
61	E6r8xqJ8YwzknTKRXa5cZAeHizI73osy	10	14:29:32.807193+02
62	MkgAP1yHQ24mIbDHSlT1fAtM05CmUnSN	10	20:30:49.522273+02
63	WHpnvZOmUjaTw3jpI4NMwGOzt8hu7SMq	10	20:31:47.056182+02
64	CxkFNgcG3vOTnS49Bdo9pcS0bdPSovwt	10	20:33:07.936535+02
65	hOiTHuPpFeU0QBxFOpidziCwbCrVAmCE	10	20:46:04.075204+02
66	C5UIBxPkyzYuX5kb2JN952ZpNY4oI1YT	10	21:23:49.412379+02
67	QdgpmkqqbnJwchjYN37f1cVsRnof1I4J	10	22:40:45.221553+02
68	ZX85TzCCcgYJAvXLjY6dqHBWoLyDyoYB	10	22:40:50.574697+02
69	XQvlkaOOE1zEWlB3BKDouQrIjRjTbQ5z	10	22:40:51.987778+02
70	ZFM1nFnJfwGiQULJdeJdCqMecNJX6j14	10	22:40:52.402698+02
71	sMiZA9xttq1udru715jjLccpfvGtUYyK	10	22:41:21.819886+02
72	wrvqQKu5Xxdq6SqFOt4mb465xby5XqbC	10	23:02:59.543756+02
73	2FBISFSKWcHXTMfMf287QtKHI6kMOWST	10	23:05:00.730929+02
74	R11CBWGiBkgbT36xeYEFsFGAJXKLjNMN	10	23:05:05.015257+02
75	b3ebcgI2Rh8bQGdlHYhUu89tY6cZlWoR	10	23:56:39.95586+02
76	ZZln9LqUeVf5nbY4jScsBtNc1BG7DTfn	10	23:57:53.035399+02
77	TewY6UZIvlvSXcGkvUAlsB4StKEBxGRf	10	23:57:58.006027+02
78	riM9mGDoTI4Nyv7iy8A4DOsW6WijuQUH	10	23:58:29.772988+02
79	n0abbYszcoNoie1rZQJUlGyg84Zl78fF	10	23:49:13.058993+02
80	1trIyyH06KUB9Dh49PUZEbsSgN9cphXi	10	00:08:47.769782+02
81	T14dZIugIWwE8KZSQHsUPQmP1Bx3nVz0	10	00:10:00.726159+02
82	duFLMm7sZCLIIRtml3R25IRJFF6p9eNI	10	00:10:19.391806+02
83	f9ftiIBTqumS9L2qkWgNXtTHYEeJAxfw	10	00:12:14.874665+02
84	F0Yy1zO8tR0mU3T8okOsCZ8k3kRUYZUI	10	00:44:00.836005+02
85	AK0ZvZ116xTc3Ae0iCjRNEaslIa91K1M	10	00:53:44.318209+02
86	oxUsp6liejwfAZ341gyxAp353mY6LF8B	10	22:10:42.447954+02
87	fb848z7TMunrGWwVodP01s253WOFdRHA	10	22:16:58.367475+02
88	swBITP5ZFNL3vCakioI45jA8PPuiVOEf	10	22:20:26.435643+02
89	scidmHMNvGXMhNRlL4hJ1T5pL6CIFX3a	10	22:21:13.186059+02
90	H2NUPj0EhtIlJy0IN17zuBR5PMlSm676	10	22:21:40.803245+02
91	ssbbcttIEbKIx12opgxDuiJQSCxZnXWk	10	22:23:36.613524+02
92	dm532jOzLRYDLfjBCsJVnM9wedDP8NtP	10	22:32:29.533326+02
93	xYrtwVHYveAr5U20wlXcUSvUyQieVfwo	10	22:33:23.611969+02
94	YOJj4NpNW86R6iIRsAVppb7WFhTOlc3h	10	22:35:46.638006+02
95	bWXLG8rGOCl73Vm6nZdbWJWle1js2HwK	10	22:40:05.305664+02
96	dK7dL6Srkerif5rvh60dOO3xMaFqQHkm	10	22:44:01.13928+02
97	CEQyzzL7OXoXJ5kNwikku5VwGP9EMIQR	10	22:45:50.064875+02
98	RQM8ynInwhOLImw2fTEpZrBKgzRyKHCz	10	22:48:42.944755+02
99	7Ml457bKY9iwg42kF5Q6SdESRqvWyEvx	10	22:50:19.181083+02
100	HlbUBRtjUQsrS2Th7mXkZSViCpzm61Ab	10	23:49:41.768335+02
101	KdLhXftHlMcFFZm6rgpfrd4xVP4h0bpe	10	23:54:07.868264+02
102	R9oAdTWvzdr2OPUf8CStaK2nj6gaxrWc	10	23:58:37.169081+02
103	a8g23btw6ZwwiCHHIkCulzZjR4yTDAqd	10	00:12:04.37252+02
104	zTVlBSWSbuXQSh8CvcHHeXnOG8wYS5TK	10	00:17:05.697376+02
105	YpTzHKSrqDOdzXQCYlvGSnpmxcQULLa1	10	00:22:08.403812+02
106	GOENCWqsWD1WWtBcKU8ZKTg5cQ5uTLec	10	00:22:52.383648+02
107	a6xcglGhd2eGICVKBf8wWLPr1DqX8m6q	10	00:23:55.862803+02
108	To3q68kJBIHS4V3fuIeSsKSBvQQJZt8l	10	00:24:13.131123+02
109	rDYwKKclKJl5cFqvA5jqigIG3u91edos	10	00:27:24.555351+02
110	KNbvzw17HVEFL2irxjoJqIpl7cOUhm8t	10	00:41:25.013422+02
111	VIKbJLZYK6VFlsq7e3jUNmi9bU17D3Uy	10	01:14:07.197643+02
112	FOTVrrZKNVndgzxjwU4qKdGknHLYl2Rz	10	01:20:03.441085+02
113	pdeJQDk7bp7hHYeSlnjJPPfImkE2Rvyo	10	01:21:41.534877+02
114	xUyDJ5wPqVma7q5qCFvS2sSpqCTwFjtr	10	22:29:07.400836+02
147	uvWDtvFzqF7dhJltoB6WM3n7bWErNGHH	10	22:34:25.397624+02
148	n7qwcXkmyGdoyGrwJfDDp7FConRwwrPh	10	22:36:57.793076+02
149	GR3vEzVXWc92heIONI36ApYkwxX1CdKR	10	22:38:47.553139+02
150	5y2UyYJOVp6ihBnhuxjvNZ8HJoBBC8Js	10	00:38:27.182785+02
151	0gpCcU8nVhEicJFAgjsrxpQDIr7gDEZK	10	00:41:24.715729+02
152	cTD9oqPpiEcg0b9s9PsicJtn87mjEsNg	10	00:42:57.988091+02
153	tRCG750CeskyAKsvwCRG4giKj9Tjpps3	10	00:44:05.418167+02
154	4Me66OSb5oLUiKHgTQrySExi3e2QtiOn	10	00:45:16.649831+02
155	PsZ3AOlmUWglUouHZFz5RH6OBNr62O5e	10	00:46:48.086142+02
156	fJKBdIcYWZfxnkuFjeCiSjtTlGc6trvC	10	00:47:35.790532+02
157	Gwu7Gnnaa2wEPowDgHz8IvzVZHVHfoIo	10	00:48:06.144176+02
158	FAhGCyELSDeZ71NTio4VkWUxcntTUZpM	10	00:48:57.341673+02
159	JobfKbHRiIPB8xDDyf5ypa8JrP8SOnVX	10	00:50:15.077895+02
160	vKvsVDDo7VNcmsxiAgzNqz92jkTI8omM	10	23:32:07.91166+02
161	Jk4krOhfhDxO11QyIHGnnZAwvv6P7kIb	10	23:34:28.002479+02
162	XTXcGkZeXtRi8GxxA33mgiV1c4e5knYn	10	23:37:00.494657+02
163	PjLHfNEZOaXeZAIRK9hgrhkbEmTxNK75	10	23:38:00.018578+02
164	1EB9I8VFSpE8RYCqv9fyvE4Qvb1hAKTj	10	23:39:38.8015+02
165	nizHIl7RORNfRmkg4yJm3FxHndmxLz3G	10	23:40:20.492485+02
166	A8U6KigAQz5wvt2FG3VZs6WUS4e3BUxs	10	23:41:02.289874+02
167	jXCMHhENoymv2hMDkSD5TTgnMMkQPMJd	10	23:42:06.589462+02
168	BkhbJz9g3EospfS3mcvKAVfq4YupVE1R	10	23:47:16.062666+02
169	jG3VMW5xHOeoGSop4TWPuMMi4h0OIb0X	10	23:53:53.696663+02
170	mQK7BJAoP7kmhJ4JZsisxxl1VU3QjTig	10	23:58:40.449698+02
171	COTNhHzcXlgy90zq12mJOov1zCQfb1zh	10	23:59:55.231319+02
172	MIULMAMwzOXAOfHOXlwwCbVnVcuCNclA	10	00:01:08.183984+02
173	8SW1Hl5PoZWCsZfZ0iq0Ed5smgpBQ9IU	10	00:01:08.581962+02
174	RHp4bXQ93qyPRQrxBP6V7IHVP1XOvQvC	10	00:15:02.846555+02
175	v9MHUq9Gj2OqkBUZcTGM8hVj2qFrO02T	10	00:18:53.491635+02
176	fnlS633mQVoOYPEBMBuTNTEIHZcMd5Xj	10	23:40:36.94934+02
177	Ntfj3UQDVwkRpXhPfdUdYEtiDIGo5CqM	10	23:42:47.479378+02
178	54yRMCpClQCQ2cmgjW9FJ7TdcYeagHqg	10	23:44:07.238062+02
179	WpgmVC55mOxiDoIsrqfBIJAaybT5PWZC	10	23:45:01.142311+02
180	xiv98qVJxyOGO98SPb8hUWgBTwuf6bS9	10	23:45:52.7782+02
181	npc1KfLFu07CBH6pRJ2iy31CEhIxBAlq	10	23:49:14.875274+02
182	8suUijPdHZ9Wlli3ni0NkDnyTKZEXn2v	10	23:50:27.448147+02
183	RBTBTW7Tz0aruhWdFwU4UyZbWfIJpDGx	10	23:53:14.665924+02
184	nOZJ2h4jtDCEJ7tv7srP8QgqTlQcOHNj	10	00:03:25.286767+02
185	2rPxkmjdwpR44Zpmc42mfkI2m6aD2Rmh	10	00:09:49.950142+02
186	SrPIUrgndv4oqIbwWos6cyyiTEdonHDp	10	00:19:26.580851+02
187	WIWr5FfWk4R2vKMe70Hrh946CQVAm1VF	10	00:50:13.902539+02
188	9V6WqAFoiofZ6pABOwfBqQwQju4FkbcY	10	00:55:04.983266+02
189	oxin1tpwrEOzjBNHWXYGR5JvXXGFjC2P	10	12:40:37.378443+02
190	jLcFV9VbPJhBSlFWrTvjz8yfZNk2D79g	10	12:40:39.302073+02
191	m3fcUj079hZZSrLc79VqxU7dUwaFm2Ul	10	12:50:34.52929+02
192	3BGJcEnPUBWYCpeE135oXMlak1yy2JiR	10	12:54:08.558433+02
193	qSnjVbkTRC7VIgWhy2bRv9dva6ev3rAT	10	13:17:40.391095+02
194	HMnH7sGMMh9ik3ZGoVqp1uP4xzFtNT4W	10	13:17:41.507024+02
195	mpQbIpNfq4Dg4Xp5P9tMOlRf6zJUJS9s	10	13:18:57.246972+02
196	ZeH0dfRIbykMtVDzx98gMyBKePhqz228	10	13:21:34.327742+02
197	iI1aF9MvMAjWFReTsp6HsP70ddaBEgLB	10	13:22:44.982968+02
198	ZOrWg3H94OdTNiL7IgmtW6U3Cv9p45gO	10	13:42:53.945618+02
199	e2GSRH2rjl1ua7sRrfZugfzBwlyIZkH7	10	13:45:49.665926+02
200	y65wtINHfYgwrOoiucBIBe4nEMES2k4q	10	13:46:39.973603+02
201	DmNXWoQZCVWjEQS5Fk32ZH48RGhA2GeY	10	13:48:22.957536+02
202	7uJfmPd1rBRRhnqvPPSrEUKUlxUC3J21	10	13:49:09.587709+02
203	e1IJU9ffjdC2yzxiYbOCAWiTYrnxowpO	10	13:50:05.173194+02
204	gcsMpYFUDiyClpUhgL6Yq2YsvHCLgh4n	10	13:51:49.485829+02
205	eksbVajqktQSUFURauIRgxJSdHDB7WXj	10	13:54:29.468655+02
206	rmOGmNH9ovwRXyPNnhiu1kKvKEF8BpWT	10	13:56:40.372526+02
207	Wm873GVYF351KXLIKMU4hsK3Ij4nDm83	10	14:00:54.886205+02
208	4M7LjZTp9dIFSTuY5vCM4xNjM4YZrNj1	10	14:03:01.965859+02
209	cSa7eHpUHWBF3jQPLotmicwcuMKeO8oK	10	14:04:21.107471+02
210	cnmdCopB57IAfZy9guhNROcpdTJTp9kp	10	14:06:11.146581+02
211	diPlarLxN44rmnxPM9bzvhczetEDaTvH	10	14:08:50.529788+02
212	iisRoHN7R1G5Vuzylg1SFsnsgACLXyBF	10	14:09:58.308408+02
213	i5L7D4ACnYkIElOwIVR6VApmqLexTLVH	10	14:10:34.43313+02
214	zF7wv8oRtenViq2IyUPbfkFNAnG4F9Qq	10	14:11:33.002136+02
215	616xS4p2IUoIwiAGaae2V2sLiZVKSHUS	10	20:24:35.7704+02
216	h4GCUxZAlGBZHe91jvEnCzgerZ06I8yV	10	20:26:04.152972+02
217	T77PdelImu8qFLu66aD1rhAbWuWlWEi8	10	20:27:46.707939+02
218	5uKzvs54B8YbVcHzNNWs183JowsHqvON	10	20:27:47.164948+02
219	jB9yUqFp7ShexeolCy9Ce6fUanCdXjhc	10	20:28:46.855366+02
220	G6OUuqGJu3hv6B5YjpXq0FUWL5Hchp4c	10	20:30:31.739637+02
221	WyzDAGIqSXLP254kpjWDDwjy3hJgbUzm	10	20:31:34.36414+02
222	Qd29LEzzZCnhqT2OxmyiBD78Ed02B1mv	10	21:10:49.503172+02
223	OUBZgJQM27dIKXOISKDA1k5H5cQTQedc	10	22:14:05.064591+02
224	Pvjh4xEXE8vHeeiUm0Xw15rKoDqTKfX6	10	22:15:04.336241+02
225	VhTWvi58sVgE663DaThl42s4qScRY8fn	10	22:16:09.4045+02
226	fzy9cRsSvXgjwIaueb3VVPeSGeqlHPM5	10	22:17:51.235379+02
227	1n2sk9NGsEONuP3AuPnUtDWk2yoPyBRQ	10	22:21:48.863275+02
228	m6i7d9Rz5ycjNNPSPr4HLOdYM2xTvibz	10	22:22:22.559335+02
229	dfisYfbm5LtdiQQNMPqewLF5U1D5D9Fo	10	22:30:14.420372+02
230	bHwWuKYbEaxS3SZlTJqqkhsD28EwjOLu	10	22:30:14.67053+02
231	irkyZVnquMojb34GC4PJEYWpLiSXW9LA	10	22:30:15.786729+02
232	c9p3glUdq19hARmudO4GqdmsOQpo0KZk	10	22:51:38.21059+02
233	7HCP88NPmDhiqHjkKfnpvrZ8UXAVjuul	10	23:11:19.69856+02
234	GmwWWcrGupazx3LuUl185AJ4EIOqrNff	10	23:16:40.814047+02
235	eRTqfO2i0Cev6S19zfbyxTxwLJ456VnI	10	23:32:14.478212+02
236	Id4ISHswwPAgSo4fMFtc4E38qP965W3n	10	23:32:15.813892+02
237	K5fbwTLTIzvkZM2tGKYeKBhcQIjJrlTu	10	23:33:45.365035+02
238	ShBjfwu3ojNkK5tP845CZXqXRTTk1BPh	10	23:33:53.264618+02
239	xIKlybEOiMWEKbMzB47L7ZnkLlFpRt91	10	23:35:03.084248+02
240	BJZRXtQv4OtB8ekLc61kyC0kNNPDp5dG	10	23:36:08.913937+02
241	5dm7pq349qPhydFmQ6iryO7ASkW9euE6	10	23:42:05.253743+02
242	iXVyldwvr1sN2BYxw86QzGnyd2Dzjjn2	10	23:43:57.805318+02
243	3S2IqMIfa8QstptSFoeVsnRpplxnwJjz	10	23:44:54.695322+02
244	GTy2gojVH3pkGJD8Wbe0QcbqcqTX9QK1	10	23:46:12.270405+02
245	EGpGcSxSCymqVlLsrNfUXDd3p1qcI6vO	10	23:47:30.600375+02
246	zPcKCXH0GghX9O2cHIXOwsunxJFiKfIZ	10	23:49:27.483572+02
247	X5QB5nPABLiJ2CYhFK1G74Bidnr8Z7ew	10	23:50:33.381193+02
248	p8l99qtbzeKDENWJC7UQUXXieSM30iPk	10	23:52:44.853122+02
249	VxQrmLwIJE97y89ByaWWmAWYnSXi74F1	10	23:53:24.24101+02
250	78UH2Cm7dJpewCUOgYeeFS5okJl2vBYC	10	23:54:56.009485+02
251	k2KAp9GpONzRN7IsX6lQvIijvwa3eNmj	10	00:04:44.83478+02
252	Lpmx6nPCGGLJ7CUfC9XSPkjYCSeON2np	10	00:06:04.827694+02
284	zUVlEwNpFPzQKHpwhOgoVr6ZXwJX4MZJ	10	13:24:49.456449+02
285	mg9muvucwIfWTrs9HSJdTpb35bMSIMzy	10	13:24:49.603503+02
286	n8LDXp33V34YAeo2P2fv8aZGGK5muIVw	10	13:25:24.44704+02
287	4LHwFf9zchyz97q0DL8mE4y5UEtHuAAv	12	13:25:49.866453+02
288	9dAFgf7lWDvwXZtXXQhPt20xBjYF5hfR	10	13:28:40.7529+02
289	3iUE9B2T8bUU9Ld2guOvAO3Y8VEvEpeL	12	13:29:03.400883+02
290	2E3zO9mTMDxxEQKSEBJhfyzT5lEcyiJS	10	15:29:06.844265+02
291	chpKnXv5QKDiztY1JuZ9ydpvKwLy2WMT	10	15:53:18.025204+02
292	BVltoNtsKmiJOKOWJpUCV4FbpgCKEvnS	10	15:55:35.236693+02
293	CeMfJZjREmSaUGHRezTTul1w83i3ANi2	10	15:56:15.859041+02
294	E7P2SgNonkF46lBZQfy2W9iL56ZGQGXf	10	15:59:29.01315+02
295	Cedrc9yp4QKhbldVYyHYUFYAG1yTAIjJ	10	16:01:11.464139+02
296	ReqnVrXSiTFMjFOnPAp5rDQUiJBzzKug	10	16:10:33.839177+02
297	5yMPvz15cIXywiAbqEOWUFsYSnkh1C3c	10	16:11:36.645232+02
298	Nq6qDF8RK56TBnabJwJrduzuK6xA8FcW	10	16:12:21.083385+02
299	br7hdLAiBOHjwbSm9TAPjXOklMQ4V5XA	10	16:12:59.874902+02
300	5Dr2IgBwoV2LnFCQsmZ1UAD6U10jqNvS	10	16:14:36.93516+02
301	y2lJvPzK3a9J66BQkbYPkgu5kz4kQNoc	17	16:18:08.403771+02
302	uAQJ8mojmi1evC1jAwmICNABvXvmpA2q	10	16:59:40.933984+02
303	wxsMhBukKe5b1yWTg1WBvGfIB1uwiG6C	10	17:56:49.23826+02
304	GHBXklIEvVKorfDScjebdmMiKGX9bDtE	10	17:56:50.735877+02
305	1Azl5KPLF1tAiJSBxj2EXfMlhevaidwX	10	18:30:04.371799+02
\.


--
-- TOC entry 2847 (class 0 OID 16468)
-- Dependencies: 201
-- Data for Name: tasks; Type: TABLE DATA; Schema: public; Owner: postgres
--

COPY public.tasks (id, index, title, status, userid, todolistid, created) FROM stdin;
41	2	Bovuccucvbivivdissbsvuvisvs	1	10	2	2019-09-01 00:06:24.560034+02
40	1	Bovuccucvbivivdis	1	10	2	2019-09-01 00:06:19.586451+02
74	2	 Jcjfjdjfvvl	0	12	3	2019-09-01 13:29:11.92985+02
32	0	test3636373	0	10	1	2019-08-31 20:31:46.321757+02
78	1	Fuxucvi	1	10	1	2019-09-01 17:57:11.621903+02
39	0	Bovuccuc	0	10	2	2019-09-01 00:06:16.60372+02
\.


--
-- TOC entry 2849 (class 0 OID 24588)
-- Dependencies: 203
-- Data for Name: todolists; Type: TABLE DATA; Schema: public; Owner: postgres
--

COPY public.todolists (id, name, userid, created) FROM stdin;
1	test	10	2019-08-31 23:44:30.025961+02
2	Hdudbdv	10	2019-08-31 23:54:59.086551+02
3	Les trucs importants	12	2019-09-01 13:26:04.852414+02
4	La verirzyzuzj	17	2019-09-01 16:18:14.071946+02
5	Dhdguekbzbs	17	2019-09-01 16:18:18.187673+02
6	Dhdguekbzbslqjzvsnz	17	2019-09-01 16:18:20.098902+02
\.


--
-- TOC entry 2843 (class 0 OID 16404)
-- Dependencies: 197
-- Data for Name: users; Type: TABLE DATA; Schema: public; Owner: postgres
--

COPY public.users (id, username, password, email) FROM stdin;
10	hugo	a94a8fe5ccb19ba61c4c0873d391e987982fbbd3	laverité
12	nek	698d17cb3ecc18d358b4f32d0cbe575321081b64	123456
17	nek1	698d17cb3ecc18d358b4f32d0cbe575321081b64	nek
\.


--
-- TOC entry 2860 (class 0 OID 0)
-- Dependencies: 199
-- Name: refresh_tokens_id_seq; Type: SEQUENCE SET; Schema: public; Owner: postgres
--

SELECT pg_catalog.setval('public.refresh_tokens_id_seq', 305, true);


--
-- TOC entry 2861 (class 0 OID 0)
-- Dependencies: 200
-- Name: tasks_id_seq; Type: SEQUENCE SET; Schema: public; Owner: postgres
--

SELECT pg_catalog.setval('public.tasks_id_seq', 78, true);


--
-- TOC entry 2862 (class 0 OID 0)
-- Dependencies: 202
-- Name: todolists_id_seq; Type: SEQUENCE SET; Schema: public; Owner: postgres
--

SELECT pg_catalog.setval('public.todolists_id_seq', 6, true);


--
-- TOC entry 2863 (class 0 OID 0)
-- Dependencies: 196
-- Name: users_id_seq; Type: SEQUENCE SET; Schema: public; Owner: postgres
--

SELECT pg_catalog.setval('public.users_id_seq', 17, true);


-- Completed on 2019-09-01 19:25:53

--
-- PostgreSQL database dump complete
--

